<?xml version="1.0" encoding="UTF-8"?>

<mule xmlns:http="http://www.mulesoft.org/schema/mule/http" xmlns="http://www.mulesoft.org/schema/mule/core" xmlns:doc="http://www.mulesoft.org/schema/mule/documentation"
	xmlns:spring="http://www.springframework.org/schema/beans" 
	xmlns:xsi="http://www.w3.org/2001/XMLSchema-instance"
	xsi:schemaLocation="http://www.springframework.org/schema/beans http://www.springframework.org/schema/beans/spring-beans-current.xsd
http://www.mulesoft.org/schema/mule/core http://www.mulesoft.org/schema/mule/core/current/mule.xsd
http://www.mulesoft.org/schema/mule/http http://www.mulesoft.org/schema/mule/http/current/mule-http.xsd">
    <http:listener-config name="HTTP_Listener_Configuration" host="localhost" port="8081" doc:name="HTTP Listener Configuration"/>
    <spring:beans>
        <spring:bean id="Bean" name="Bean" class="com.mulesoft.training.Database"/>
    </spring:beans>
    <flow name="firstmavenFlow">
        <http:listener config-ref="HTTP_Listener_Configuration" path="/mv" doc:name="HTTP"/>
        <set-payload value="#[&quot;Hello Maven&quot;]" doc:name="Set Payload"/>
    </flow>
</mule>
